SampleID	Golay_Barcode
#q2:types	categorical
CSR2019.0181	AGCCTTCGTCGC
CSR2019.0189	TCCATACCGGAA
CSR2019.0197	AGCCCTGCTACA
CSR2019.0421	CCTAACGGTCCA
CSR2019.0573	CGCGCCTTAAAC
CSR2019.0581	TATGGTACCCAG
CSR2019.0679	TACAATATCTGT
CSR2019.0741	AATTTAGGTAGG
CSR2019.0749	GACTCAACCAGT
CSR2019.0757	GCCTCTACGTCG
CSR2019.0927	ACTACTGAGGAT
CSR2019.0935	AATTCACCTCCT
CSR2019.0182	CGTATAAATGCG
CSR2019.0190	ATGCTGCAACAC
CSR2019.0198	ACTCGCTCGCTG
CSR2019.0422	TTCCTTAGTAGT
CSR2019.0574	CGTCCGTATGAA
CSR2019.0582	ACGTGAGGAACG
CSR2019.0680	GGTTGCCCTGTA
CSR2019.0742	CATATAGCCCGA
CSR2019.0750	GCCTATGAGATC
CSR2019.0758	CAAGTGAAGGGA
CSR2019.0928	CACGTTTATTCC
CSR2019.0936	TAATCGGTGCCA
CSR2019.0183	TGACTAATGGCC
CSR2019.0191	CGGGACACCCGA
CSR2019.0199	CTGTCTATACTA
CSR2019.0423	TATGCCAGAGAT
CSR2019.0575	CGTTTGGAATGA
CSR2019.0583	AAGAACTCATGA
CSR2019.0681	TGATATCGTCTT
CSR2019.0743	CGGTGACCTACT
CSR2019.0751	AATGCGCGTATA
CSR2019.0759	CTTGATTCTTGA
CSR2019.0929	GAAATCTTGAAG
CSR2019.0937	GAGATACAGTTC
CSR2019.0184	GTGGAGTCTCAT
CSR2019.0192	ACCTTACACCTT
CSR2019.0200	TAATCTCGCCGG
CSR2019.0424	ATCTAGTGGCAA
CSR2019.0576	ACGCTTAACGAC
CSR2019.0584	TACGGATTATGG
CSR2019.0682	ATACATGCAAGA
CSR2019.0744	CTTAGTGCAGAA
CSR2019.0752	AATCTTGCGCCG
CSR2019.0760	AGGATCAGGGAA
CSR2019.0930	AATAACTAGGGT
CSR2019.0938	TATTGCAGCAGC
CSR2019.0185	TGATGTGCTAAG
CSR2019.0193	GTAGTAGACCAT
CSR2019.0201	AGTAAAGATCGT
CSR2019.0569	CTCGCCCTCGCC
CSR2019.0577	TCTCTTTCGACA
CSR2019.0675	ACATACTGAGCA
CSR2019.0683	GTTGATACGATG
CSR2019.0745	GTCAACGCTGTC
CSR2019.0753	TGAGACCCTACA
CSR2019.0761	ACTTGGTGTAAG
CSR2019.0931	ATTACGTATCAT
CSR2019.0939	CACGCAGTCTAC
CSR2019.0186	TGTGCACGCCAT
CSR2019.0194	CCGGACAAGAAG
CSR2019.0202	TTGCTGGACGCT
CSR2019.0570	TACTAACGCGGT
CSR2019.0578	GCGATCACACCT
CSR2019.0676	CAAACGCACTAA
CSR2019.0684	GAAGAGGGTTGA
CSR2019.0746	TGAGTGGTCTGT
CSR2019.0754	TTACACAAAGGC
CSR2019.0762	ACGACGCATTTG
CSR2019.0932	TATCCAAGCGCA
CSR2019.0940	AGAGCCAAGAGC
CSR2019.0187	GGTGAGCAAGCA
CSR2019.0195	TAAATATACCCT
CSR2019.0203	TTGCGGACCCTA
CSR2019.0571	GTCGTCCAAATG
CSR2019.0579	TGCACAGTCGCT
CSR2019.0677	TTACTGTGGCCG
CSR2019.0685	GGTTCATGAACA
CSR2019.0747	TAACAATAATTC
CSR2019.0755	CTTATTAAACGT
CSR2019.0925	GCTCGAAGATTC
CSR2019.0933	TATTTGATTGGT
ExtractionBlank1	TGTCAAAGTGAC
CSR2019.0188	CTATGTATTAGT
CSR2019.0196	ACTCCCGTGTGA
CSR2019.0204	CGGTATAGCAAT
CSR2019.0572	GACTCTGCTCAG
CSR2019.0580	GTCATGCTCCAG
CSR2019.0678	TACCGAAGGTAT
CSR2019.0686	TGAGTATGAGTA
CSR2019.0748	AATGGTTCAGCA
CSR2019.0756	GAACCAGTACTC
CSR2019.0926	CGCACCCATACA
CSR2019.0934	GTGCCATAATCG
PCRBlank1	ACTCTTACTTAG
CSR2019.0942	CTACAGGGTCTC
CSR2019.0950	CTTGGAGGCTTA
CSR2019.1012	TATCATATTACG
CSR2019.1020	CTATATTATCCG
CSR2019.1145	ACCGAACAATCC
CSR2019.1154	ACGGTACCCTAC
CSR2019.1162	TGAGTCATTGAG
CSR2019.1170	ACCTACTTGTCT
CSR2019.1311	ACTGTGACGTCC
CSR2019.1319	CTCTGAGGTAAC
CSR2019.1327	CATGTCTTCCAT
CSR2019.1335	AACAGTAAACAA
CSR2019.0943	GTTCATTAAACT
CSR2019.0951	GTGCCGGCCGAC
CSR2019.1013	CCTTGACCGATG
CSR2019.1120	CAAACTGCGTTG
CSR2019.1146	TCGAGAGTTTGC
CSR2019.1155	CGACACGGAGAA
CSR2019.1163	TCCACAGGGTTC
CSR2019.1171	GGAGAACGACAC
CSR2019.1312	CCTACCATTGTT
CSR2019.1320	TCCGGCGGGCAA
CSR2019.1328	TAATCCATAATC
CSR2019.1336	CCTCCGTCATGG
CSR2019.0944	TTCGATGCCGCA
CSR2019.0952	AGAGGGTGATCG
CSR2019.1014	AGCTCTAGAAAC
CSR2019.1121	CTGACACGAATA
CSR2019.1148	GCTGCCCACCTA
CSR2019.1156	GCGTTTGCTAGC
CSR2019.1164	AGATCGTGCCTA
CSR2019.1172	AATTAATATGTA
CSR2019.1313	CATTTCGCACTT
CSR2019.1321	ACATGATATTCT
CSR2019.1329	GCAACGAACGAG
CSR2019.1337	AGATGTCCGTCA
CSR2019.0945	TCGTTATTCAGT
CSR2019.0953	GGATACTCGCAT
CSR2019.1015	AATGTTCAACTT
CSR2019.1122	AGCAGTGCGGTG
CSR2019.1149	GCATATGCACTG
CSR2019.1157	CCGGCGACAGAA
CSR2019.1165	CCTCACTAGCGA
CSR2019.1173	CTAATCAGAGTG
CSR2019.1314	CTACTCCACGAG
CSR2019.1322	TAAGGCATCGCT
CSR2019.1330	AGCGCGGCGAAT
CSR2019.1338	TAGCAGTTGCGT
CSR2019.0946	ACTCTGTAATTA
CSR2019.0954	TCATGGCCTCCG
CSR2019.1016	CAATCATAGGTG
CSR2019.1123	GTTGGACGAAGG
CSR2019.1150	GTCACTCCGAAC
CSR2019.1158	CGTTCTGGTGGT
CSR2019.1166	TAGTTCGGTGAC
CSR2019.1174	TTAATGGATCGG
CSR2019.1315	TCAAGTCCGCAC
CSR2019.1323	CACACAAAGTCA
CSR2019.1331	GTCAGGTGCGGC
CSR2019.1339	TTGAACAAGCCA
CSR2019.0947	ATATGTTCTCAA
CSR2019.1009	ATGTGCTGCTCG
CSR2019.1017	CCGATAAAGGTT
CSR2019.1124	CAGGAACCAGGA
CSR2019.1151	GCATAAACGACT
CSR2019.1159	ATCGTAGTGGTC
CSR2019.1167	ACTAAAGCAAAC
CSR2019.1175	TAGGAACTCACC
CSR2019.1316	GTCCGTCCTGGT
CSR2019.1324	CGAGGCGAGTCA
CSR2019.1332	TTCCAATACTCA
CSR2019.1340	AACTCAATAGCG
CSR2019.0948	TCAGACCAACTG
CSR2019.1010	CCACGAGCAGGC
CSR2019.1018	GCGTGCCCGGCC
CSR2019.1125	CAAAGGAGCCCG
CSR2019.1152	TGCGGCGTCAGG
CSR2019.1160	CGCTGTGGATTA
CSR2019.1168	CTTGCTCATAAT
CSR2019.1176	ACGACAACGGGC
CSR2019.1317	CTAGCGTGCGTT
CSR2019.1325	TAGTCTAAGGGT
CSR2019.1333	GTTTGAAACACG
ExtractionBlank2	ACCTCAGTCAAG
CSR2019.0949	TCATTAGCGTGG
CSR2019.1011	CGCCGTACTTGC
CSR2019.1019	TAAACCTGGACA
CSR2019.1144	CCAACCCAGATC
CSR2019.1153	TTAAGTTAAGTT
CSR2019.1161	AGCCGCGGGTCC
CSR2019.1169	GGTAGTTCATAG
CSR2019.1177	CGATGAATATCG
CSR2019.1318	GTTCTAAGGTGA
CSR2019.1326	ATGACTAAGATG
CSR2019.1334	TACAGCGCATAC
PCRBlank2	TGACAGAATCCA
CSR2019.1341	CCTCGCATGACC
CSR2019.1349	GGCGTAACGGCA
CSR2019.1357	GCGAGGAAGTCC
CSR2019.1365	CAAATTCGGGAT
CSR2019.1373	TTGTGTCTCCCT
CSR2019.1405	CAATGTAGACAC
CSR2019.1468	AACCACTAACCG
CSR2019.1476	AACTTTCAGGAG
CSR2019.1484	CCAGGACAGGAA
CSR2019.1495	GCGCGGCGTTGC
CSR2019.1503	GTCGCTTGCACA
CSR2019.1342	CGCGCAAGTATT
CSR2019.1350	AATACAGACCTG
CSR2019.1358	GGACAAGTGCGA
CSR2019.1366	TACGGTCTGGAT
CSR2019.1374	TTCAGTTCGTTA
CSR2019.1406	CCGCGTCTCAAC
CSR2019.1469	CCGAGGTATAAT
CSR2019.1477	AGATTCGCTCGA
CSR2019.1485	TTGCCGCTCTGG
CSR2019.1496	AGACTTCTCAGG
CSR2019.1504	TCTTGCGGAGTC
CSR2019.1343	AAGGCGCTCCTT
CSR2019.1351	GATCTAATCGAG
CSR2019.1359	CTGATGTACACG
CSR2019.1367	ACGTATTCGAAG
CSR2019.1399	GACGTTAAGAAT
CSR2019.1407	TGGTGGAGTTTC
CSR2019.1470	TTAACAAGGCAA
CSR2019.1478	AACCGCATAAGT
CSR2019.1486	CCACAACGATCA
CSR2019.1497	AGTTCTCATTAA
CSR2019.1505	GAGCCATCTGTA
CSR2019.1344	CGCAATGAGGGA
CSR2019.1352	CCGCAGCCGCAG
CSR2019.1360	TGGAGCCTTGTC
CSR2019.1368	TTACTTATCCGA
CSR2019.1400	ATGGGACCTTCA
CSR2019.1408	TCCGATAATCGG
CSR2019.1471	AAGTCACACACA
CSR2019.1479	GAAGTAGCGAGC
CSR2019.1498	GTGTCGAGGGCA
CSR2019.1506	TTCCACACGTGG
CSR2019.1345	ACGGCGTTATGT
CSR2019.1353	GAACCGTGCAGG
CSR2019.1361	ACGTGCCTTAGA
CSR2019.1369	AGTTGTAGTCCG
CSR2019.1401	AGGGACTTCAAT
CSR2019.1464	CGGCCAGAAGCA
CSR2019.1472	TGGCAGCGAGCC
CSR2019.1480	GTGAATGTTCGA
CSR2019.1488	TATGTTGACGGC
CSR2019.1499	AGTGTTTCGGAC
CSR2019.1507	ATTTCCGCTAAT
CSR2019.1346	CATTTGACGACG
CSR2019.1354	ACTAAGTACCCG
CSR2019.1362	CACCCTTGCGAC
CSR2019.1370	GATGCCTAATGA
CSR2019.1402	GTACGTCACTGA
CSR2019.1465	TCGCTACAGATG
CSR2019.1473	CCGGCTTATGTG
CSR2019.1481	ATAGTCCTTTAA
CSR2019.1490	TCGAGCCGATCT
CSR2019.1500	AGTGCAGGAGCC
CSR2019.1509	GTACTCGAACCA
CSR2019.1347	GCTGCGTATACC
CSR2019.1355	CTCAGCGGGACG
CSR2019.1363	ATGCCTCGTAAG
CSR2019.1371	TTAGTTTGTCAC
CSR2019.1403	CCGGCCGCGTGC
CSR2019.1466	ATTATGATTATG
CSR2019.1474	CGAATACTGACA
CSR2019.1482	TCTTATAACGCT
CSR2019.1491	TAAGGTCGATAA
CSR2019.1501	GTTGCTGAGTCC
ExtractionBlank3	ACACCGCACAAT
CSR2019.1348	GAGAAGCTTATA
CSR2019.1356	GTTAACTTACTA
CSR2019.1364	GTTGTTCTGGGA
CSR2019.1372	AGGGTGACTTTA
CSR2019.1404	GCCGCCAGGGTC
CSR2019.1467	GCCACCGCCGGA
CSR2019.1475	ACACACCCTGAC
CSR2019.1483	TATAGGCTCCGC
CSR2019.1494	ATAATTGCCGAG
CSR2019.1502	CGGAGAGACATG
PCRBlank3	CAGCCCTACCCA
11-BASE	TAGGACGGGAGT
13-F	AAGTCTTATCTC
16-M	TTGCACCGTCGA
19-F	CTCCGAACAACA
23-M	TCTGGCTACGAC
26-F	AGTAGTTTCCTT
30-M	CAGATCCCAACC
CSR2019.1510	GATAGCACTCGT
CSR2019.1211	TGCTACAGACGT
CSR2019.1219	AGGTGAGTTCTA
CSR2019.1387	AACGATCATAGA
11-M	GTTTGGCCACAC
14-BASE	GTCCTACACAGC
16a-F	ATTTACAATTGA
20-M	CCACTGCCCACC
23a-F	ATAGTTAGGGCT
27-M	GACCCGTTTCGC
30a-F	TGACTGCGTTAG
CSR2019.1511	ACGTTAATATTC
CSR2019.1212	GATCCCACGTAC
CSR2019.1220	CCGCCAGCTTTG
CSR2019.1388	TCATCTTGATTG
11-F	TATATAGTATCC
14-M	ACTGTTTACTGT
16b-F	GTCACGGACATT
20-F	GAATATACCTGG
23b-F	GAATCTGACAAC
27-F	ATTGCCTTGATT
30b-F	GAGCCCAAAGAG
CSR2019.1512	CCATGTGGCTCC
CSR2019.1213	CGCTAGGATGTT
CSR2019.1221	AGCGGTAGCGGT
CSR2019.1389	GTCAGTATGGCT
12-BASE	CATAAGGGAGGC
14-F	CAGGCCACTCTC
17-M	ACAGTTGTACGC
21-M	ACCAGAAATGTC
24-M	CTCATCATGTTC
28-M	TTAGGATTCTAT
CSR2019.1513	ACACGTTTGGGT
CSR2019.1214	CTACTTACATCC
CSR2019.1222	CGCACGTACCTC
CSR2019.1390	GTCCTCGCGACT
12b-M	GTGCAACCAATC
15-BASE	ACCCAAGCGTTA
17-F	ACTGGCAAACCT
21a-F	AACACCATCGAC
24-F	TTATCCAGTCCT
28a-F	GTTTATCTTAAG
CSR2019.1518	GTTCGCCGCATC
CSR2019.1514	AGACTATTTCAT
CSR2019.1215	ACCACCGTAACC
CSR2019.1223	AGGAAGTAACTT
CSR2019.1391	CGTTCGCTAGCC
12b-F	CTCACCTAGGAA
15-M	AGATGCAATGAT
18-M	GCATTCGGCGTT
21b-F	TCTACATACATA
25-M	GAGTCTTGGTAA
28b-F	CAGTCTAGTACG
CSR2019.1519	GTTCGAGTGAAT
CSR2019.1515	AGTCCGAGTTGT
CSR2019.1216	CGGTTGGCGGGT
CSR2019.1224	CGATTCCTTAAT
CSR2019.1392	TGCCTGCTCGAC
13-BASE	TACTGTACTGTT
15a-F	TCTCGCACTGGA
18-F	ACCAGTGACTCA
22-M	TGGCGCACGGAC
25-F	CATTTACATCAC
29-M	GTGGGACTGCGC
ExtractionBlank4	CGGCCTAAGTTC
CSR2019.1516	GCTGAGCCTTTG
CSR2019.1217	CCACCGGGCCGA
CSR2019.1225	AATCCGGTCACC
CSR2019.1427	TCTTACCCATAA
13-M	CTAGAGCTCCCA
15b-F	GGTCTTAGCACC
19-M	GCCTACTCTCGG
22-F	ACTGCCCGATAC
26-M	TTCTTAACGCCT
29-F	CTCCCGAGCTCC
PCRBlank4	TAGACTTCAGAG
CSR2019.1517	ACTTAGACTCTT
CSR2019.1218	TATGTGCCGGCT
CSR2019.1226	ATACCGTCTTTC
